"","user","scheme","numLogin","numSuccess","numFail","timeTaken","passwordNum"
"1","bpt409","testpasstiles;BlankP",0,0,0,0,1
"2","bpt409","testpasstiles;BlankP",2,2,0,107,2
"3","bpt409","testpasstiles;BlankP",0,0,0,0,3
"4","bpt409","testpasstiles;BlankP",2,2,0,77,4
"5","bpt409","testpasstiles;BlankP",0,0,0,0,5
"6","bpt409","testpasstiles;BlankP",0,0,0,34,6
"7","bpt409","testpasstiles;BlankP",0,0,0,0,7
"8","bpt409","testpasstiles;BlankP",6,2,4,87026,8
"9","bpt409","testpasstiles;BlankP",0,0,0,0,9
"10","bpt409","testpasstiles;BlankP",2,2,0,194,10
"11","bpt409","testpasstiles;BlankP",0,0,0,0,11
"12","bpt409","testpasstiles;BlankP",2,2,0,73,12
"13","bpt409","testpasstiles;BlankP",0,0,0,0,13
"14","bpt409","testpasstiles;BlankP",2,2,0,200,14
"15","bpt409","testpasstiles;BlankP",0,0,0,0,15
"16","bpt409","testpasstiles;BlankP",2,2,0,91,16
"17","bpt409","testpasstiles;BlankP",0,0,0,0,17
"18","bpt409","testpasstiles;BlankP",2,2,0,91,18
"19","bpt409","testpasstiles;BlankP",0,0,0,0,19
"20","bpt409","testpasstiles;BlankP",0,0,0,47,20
"21","bpt409","testpasstiles;BlankP",0,0,0,0,21
"22","bpt409","testpasstiles;BlankP",2,2,0,464,22
"23","bpt409","testpasstiles;BlankP",0,0,0,0,23
"24","bpt409","testpasstiles;BlankP",2,2,0,96,24
"25","bpt409","testpasstiles;BlankP",0,0,0,0,25
"26","bpt409","testpasstiles;BlankP",0,0,0,32,26
"27","bpt409","testpasstiles;BlankP",0,0,0,0,27
"28","bpt409","testpasstiles;BlankP",0,0,0,37,28
"29","bpt409","testpasstiles;BlankP",0,0,0,0,29
"30","bpt409","testpasstiles;BlankP",0,0,0,63,30
"31","bpt409","testpasstiles;BlankP",0,0,0,0,31
"32","bpt409","testpasstiles;BlankP",0,0,0,2,32
"33","bpt409","testpasstiles;BlankP",0,0,0,0,33
"34","bpt409","testpasstiles;BlankP",0,0,0,19,34
"35","bpt409","testpasstiles;BlankP",0,0,0,0,35
"36","bpt409","testpasstiles;BlankP",2,2,0,116,36
"37","bpt409","testpasstiles;BlankP",0,0,0,0,37
"38","bpt409","testpasstiles;BlankP",0,0,0,2,38
"39","bpt409","testpasstiles;BlankP",0,0,0,0,39
"40","bpt409","testpasstiles;BlankP",0,0,0,2,40
"41","bpt409","testpasstiles;BlankP",0,0,0,0,41
"42","bpt409","testpasstiles;BlankP",2,2,0,137,42
"43","bpt409","testpasstiles;BlankP",0,0,0,0,43
"44","bpt409","testpasstiles;BlankP",2,2,0,65,44
"45","bpt409","testpasstiles;BlankP",0,0,0,0,45
"46","bpt409","testpasstiles;BlankP",0,0,0,2,46
"47","bpt409","testpasstiles;BlankP",0,0,0,0,47
"48","bpt409","testpasstiles;BlankP",2,2,0,45,48
"49","bpt409","testpasstiles;BlankP",0,0,0,0,49
"50","bpt409","testpasstiles;BlankP",4,2,2,345,50
"51","bpt411","testpasstiles;BlankP",0,0,0,0,1
"52","bpt411","testpasstiles;BlankP",0,0,0,41,2
"53","bpt411","testpasstiles;BlankP",0,0,0,0,3
"54","bpt411","testpasstiles;BlankP",2,2,0,150,4
"55","bpt411","testpasstiles;BlankP",0,0,0,0,5
"56","bpt411","testpasstiles;BlankP",2,2,0,58,6
"57","bpt411","testpasstiles;BlankP",0,0,0,0,7
"58","bpt411","testpasstiles;BlankP",2,2,0,636,8
"59","bpt411","testpasstiles;BlankP",0,0,0,0,9
"60","bpt411","testpasstiles;BlankP",38,24,14,518345,10
"61","bpt416","testpasstiles;BlankP",0,0,0,0,1
"62","bpt416","testpasstiles;BlankP",2,2,0,372,2
"63","bpt416","testpasstiles;BlankP",0,0,0,0,3
"64","bpt416","testpasstiles;BlankP",0,0,0,1,4
"65","bpt416","testpasstiles;BlankP",0,0,0,0,5
"66","bpt416","testpasstiles;BlankP",0,0,0,112,6
"67","bpt416","testpasstiles;BlankP",0,0,0,0,7
"68","bpt416","testpasstiles;BlankP",32,30,2,638467,8
"69","bpt418","testpasstiles;BlankP",0,0,0,0,1
"70","bpt418","testpasstiles;BlankP",0,0,0,48,2
"71","bpt418","testpasstiles;BlankP",0,0,0,0,3
"72","bpt418","testpasstiles;BlankP",0,0,0,237,4
"73","bpt418","testpasstiles;BlankP",0,0,0,0,5
"74","bpt418","testpasstiles;BlankP",4,2,2,91,6
"75","bpt418","testpasstiles;BlankP",0,0,0,0,7
"76","bpt418","testpasstiles;BlankP",2,2,0,93,8
"77","bpt418","testpasstiles;BlankP",0,0,0,0,9
"78","bpt418","testpasstiles;BlankP",28,26,2,608669,10
"79","bpt419","testpasstiles;BlankP",0,0,0,0,1
"80","bpt419","testpasstiles;BlankP",2,2,0,220,2
"81","bpt419","testpasstiles;BlankP",0,0,0,0,3
"82","bpt419","testpasstiles;BlankP",2,2,0,129,4
"83","bpt419","testpasstiles;BlankP",0,0,0,0,5
"84","bpt419","testpasstiles;BlankP",26,26,0,619738,6
"85","bpt422","testpasstiles;BlankP",0,0,0,0,1
"86","bpt422","testpasstiles;BlankP",0,0,0,0,2
"87","bpt422","testpasstiles;BlankP",0,0,0,0,3
"88","bpt422","testpasstiles;BlankP",0,0,0,128,4
"89","bpt422","testpasstiles;BlankP",0,0,0,0,5
"90","bpt422","testpasstiles;BlankP",0,0,0,5,6
"91","bpt422","testpasstiles;BlankP",0,0,0,0,7
"92","bpt422","testpasstiles;BlankP",0,0,0,37,8
"93","bpt422","testpasstiles;BlankP",0,0,0,0,9
"94","bpt422","testpasstiles;BlankP",4,2,2,388,10
"95","bpt422","testpasstiles;BlankP",0,0,0,0,11
"96","bpt422","testpasstiles;BlankP",2,2,0,157,12
"97","bpt422","testpasstiles;BlankP",0,0,0,0,13
"98","bpt422","testpasstiles;BlankP",36,26,10,750117,14
"99","bpt423","testpasstiles;BlankP",0,0,0,0,1
"100","bpt423","testpasstiles;BlankP",0,0,0,38,2
"101","bpt423","testpasstiles;BlankP",0,0,0,0,3
"102","bpt423","testpasstiles;BlankP",0,0,0,31,4
"103","bpt423","testpasstiles;BlankP",0,0,0,0,5
"104","bpt423","testpasstiles;BlankP",0,0,0,26,6
"105","bpt423","testpasstiles;BlankP",0,0,0,0,7
"106","bpt423","testpasstiles;BlankP",4,2,2,228,8
"107","bpt423","testpasstiles;BlankP",0,0,0,0,9
"108","bpt423","testpasstiles;BlankP",4,2,2,204,10
"109","bpt423","testpasstiles;BlankP",0,0,0,0,11
"110","bpt423","testpasstiles;BlankP",28,20,8,996652,12
"111","bpt424","testpasstiles;BlankP",0,0,0,0,1
"112","bpt424","testpasstiles;BlankP",0,0,0,123,2
"113","bpt424","testpasstiles;BlankP",0,0,0,0,3
"114","bpt424","testpasstiles;BlankP",0,0,0,37,4
"115","bpt424","testpasstiles;BlankP",0,0,0,0,5
"116","bpt424","testpasstiles;BlankP",0,0,0,0,6
"117","bpt424","testpasstiles;BlankP",0,0,0,0,7
"118","bpt424","testpasstiles;BlankP",0,0,0,0,8
"119","bpt424","testpasstiles;BlankP",0,0,0,0,9
"120","bpt424","testpasstiles;BlankP",0,0,0,133,10
"121","bpt424","testpasstiles;BlankP",0,0,0,0,11
"122","bpt424","testpasstiles;BlankP",0,0,0,229,12
"123","bpt424","testpasstiles;BlankP",0,0,0,0,13
"124","bpt424","testpasstiles;BlankP",0,0,0,0,14
"125","bpt424","testpasstiles;BlankP",0,0,0,0,15
"126","bpt424","testpasstiles;BlankP",2,2,0,111,16
"127","bpt424","testpasstiles;BlankP",0,0,0,0,17
"128","bpt424","testpasstiles;BlankP",2,2,0,95,18
"129","bpt424","testpasstiles;BlankP",0,0,0,0,19
"130","bpt424","testpasstiles;BlankP",0,0,0,1,20
"131","bpt424","testpasstiles;BlankP",0,0,0,0,21
"132","bpt424","testpasstiles;BlankP",0,0,0,0,22
"133","bpt424","testpasstiles;BlankP",0,0,0,0,23
"134","bpt424","testpasstiles;BlankP",16,14,2,614580,24
"135","bpt425","testpasstiles;BlankP",0,0,0,0,1
"136","bpt425","testpasstiles;BlankP",2,2,0,142,2
"137","bpt425","testpasstiles;BlankP",0,0,0,0,3
"138","bpt425","testpasstiles;BlankP",2,2,0,83,4
"139","bpt425","testpasstiles;BlankP",0,0,0,0,5
"140","bpt425","testpasstiles;BlankP",20,20,0,689783,6
