"","user","scheme","site","event","timeTaken_sec"
"1",123,"NA","Jee-Mail","Created Password",0
"2",123,"NA","Jee-Mail","testing",13
"3",123,"NA","Jee-Mail","testing",21
"4",123,"NA","Fakebook","Created Password",0
"5",123,"NA","Fakebook","testing",25
"6",123,"NA","Fakebook","testing",32
"7",123,"NA","Safety-Beeposit","Created Password",0
"8",123,"NA","Safety-Beeposit","testing",18
"9",123,"NA","Safety-Beeposit","testing",26
"10",123,"NA","Fakebook","Failed Login",36
"11",123,"NA","Fakebook","Failed Login",44
"12",123,"NA","Jee-Mail","Created Password",0
"13",123,"NA","Jee-Mail","Created Password",0
"14",123,"NA","Jee-Mail","testing",13
"15",123,"NA","Jee-Mail","testing",21
"16",123,"NA","Fakebook","Created Password",0
"17",123,"NA","Fakebook","testing",25
"18",123,"NA","Fakebook","testing",32
"19",123,"NA","Safety-Beeposit","Created Password",0
"20",123,"NA","Safety-Beeposit","testing",18
"21",123,"NA","Safety-Beeposit","testing",26
"22",123,"NA","Fakebook","testing",36
"23",123,"NA","Fakebook","testing",44
"24",123,"NA","Fakebook","testing",36
"25",123,"NA","Fakebook","testing",44
"26",123,"NA","Fakebook","testing",36
"27",123,"NA","Fakebook","testing",44
"28",123,"NA","Jee-Mail","Created Password",0
"29",123,"NA","Jee-Mail","Created Password",0
"30",123,"NA","Jee-Mail","testing",13
"31",123,"NA","Jee-Mail","testing",21
"32",123,"NA","Fakebook","Created Password",0
"33",123,"NA","Fakebook","testing",25
"34",123,"NA","Fakebook","testing",32
"35",123,"NA","Safety-Beeposit","Created Password",0
"36",123,"NA","Safety-Beeposit","testing",18
"37",123,"NA","Safety-Beeposit","testing",26
"38",123,"NA","Fakebook","Failed Login",36
"39",123,"NA","Fakebook","Failed Login",44
"40",123,"NA","Jee-Mail","Created Password",0
"41",123,"NA","Jee-Mail","Created Password",0
"42",123,"NA","Jee-Mail","testing",13
"43",123,"NA","Jee-Mail","testing",21
"44",123,"NA","Fakebook","Created Password",0
"45",123,"NA","Fakebook","testing",25
"46",123,"NA","Fakebook","testing",32
"47",123,"NA","Safety-Beeposit","Created Password",0
"48",123,"NA","Safety-Beeposit","testing",18
"49",123,"NA","Safety-Beeposit","testing",26
"50",123,"NA","Fakebook","Failed Login",36
"51",123,"NA","Fakebook","Failed Login",44
"52",123,"NA","Jee-Mail","Created Password",0
"53",123,"NA","Jee-Mail","Created Password",0
"54",123,"NA","Jee-Mail","testing",13
"55",123,"NA","Jee-Mail","testing",21
"56",123,"NA","Fakebook","Created Password",0
"57",123,"NA","Fakebook","testing",25
"58",123,"NA","Fakebook","testing",32
"59",123,"NA","Safety-Beeposit","Created Password",0
"60",123,"NA","Safety-Beeposit","testing",18
"61",123,"NA","Safety-Beeposit","testing",26
"62",123,"NA","Fakebook","Failed Login",36
"63",123,"NA","Fakebook","Failed Login",44
"64",123,"NA","Fakebook","Failed Login",36
"65",123,"NA","Fakebook","Failed Login",44
"66",123,"NA","Fakebook","Failed Login",36
"67",123,"NA","Fakebook","Failed Login",44
"68",123,"NA","Fakebook","Failed Login",36
"69",123,"NA","Fakebook","Failed Login",44
"70",123,"NA","Fakebook","Failed Login",36
"71",123,"NA","Fakebook","Failed Login",44
"72",123,"NA","Fakebook","Failed Login",36
"73",123,"NA","Fakebook","testing",44
"74",123,"NA","Fakebook","testing",36
"75",123,"NA","Fakebook","testing",44
"76",123,"NA","Fakebook","testing",44
"77",123,"NA","Fakebook","testing",36
"78",123,"NA","Fakebook","testing",44
"79",123,"NA","Fakebook","testing",44
"80",123,"NA","Fakebook","testing",36
"81",123,"NA","Fakebook","testing",44
"82",123,"NA","Fakebook","testing",44
"83",123,"NA","Fakebook","testing",36
"84",123,"NA","Fakebook","testing",44
"85",123,"NA","Fakebook","testing",44
"86",123,"NA","Fakebook","testing",36
"87",123,"NA","Fakebook","testing",44
"88",123,"NA","Fakebook","testing",44
"89",123,"NA","Fakebook","testing",36
"90",123,"NA","Fakebook","testing",44
"91",123,"NA","Fakebook","testing",44
"92",123,"NA","Fakebook","testing",36
"93",123,"NA","Fakebook","testing",44
"94",123,"NA","Fakebook","testing",44
"95",123,"NA","Fakebook","testing",36
"96",123,"NA","Fakebook","testing",44
"97",123,"NA","Fakebook","testing",44
"98",123,"NA","Fakebook","testing",36
"99",123,"NA","Fakebook","testing",44
"100",123,"NA","Fakebook","testing",44
"101",123,"NA","Fakebook","testing",36
"102",123,"NA","Fakebook","testing",44
"103",123,"NA","Fakebook","testing",44
"104",123,"NA","Fakebook","testing",36
"105",123,"NA","Fakebook","testing",44
